<?xml version="1.0" encoding="UTF-8"?>
<mondrianXmlaDefinition exportedWithPermissions="true">
    <folder>/analysis/xmla/definitions</folder>
    <name>SugarCRMXmlaDefinition</name>
    <version>1</version>
    <label>SugarCRM Mondrian XMLA definition</label>
    <description>SugarCRM Mondrian XMLA definition</description>
    <creationDate>2019-08-01T09:57:43.290Z</creationDate>
    <updateDate>2013-05-08T20:22:46.055Z</updateDate>
    <catalog>SugarCRM</catalog>
    <mondrianConnection>
        <uri>/analysis/connections/SugarCRM</uri>
    </mondrianConnection>
</mondrianXmlaDefinition>
