<?xml version="1.0" encoding="UTF-8"?>
<folder exportedWithPermissions="true">
    <parent>/analysis</parent>
    <name>schemas</name>
    <label>Analysis Schemas</label>
    <description>Schemas used by Analysis</description>
    <creationDate>2016-12-12T14:55:01.272Z</creationDate>
    <updateDate>2016-06-30T02:01:10.910Z</updateDate>
    <resource>FoodmartSchema</resource>
    <resource>FoodmartSchemaUpper</resource>
    <resource>SugarCRMSchema</resource>
    <resource>SugarCRMSchemaUpper</resource>
</folder>
