<?xml version="1.0" encoding="UTF-8"?>
<fileResource exportedWithPermissions="true" dataFile="FoodmartSchemaUpper.data">
    <folder>/analysis/schemas</folder>
    <name>FoodmartSchemaUpper</name>
    <version>1</version>
    <label>Foodmart Schema Uppercase</label>
    <description>Foodmart Analysis Schema Uppercase</description>
    <creationDate>2019-08-01T09:57:37.686Z</creationDate>
    <updateDate>2013-05-08T20:22:43.317Z</updateDate>
    <fileType>olapMondrianSchema</fileType>
</fileResource>
