<?xml version="1.0" encoding="UTF-8"?>
<fileResource exportedWithPermissions="true" dataFile="SugarCRMSchemaUpper.data">
    <folder>/analysis/schemas</folder>
    <name>SugarCRMSchemaUpper</name>
    <version>1</version>
    <label>SugarCRM Schema Uppercase</label>
    <description>SugarCRM Analysis Schema Upper Case</description>
    <creationDate>2019-08-01T09:57:37.752Z</creationDate>
    <updateDate>2013-05-08T20:22:43.583Z</updateDate>
    <fileType>olapMondrianSchema</fileType>
</fileResource>
