<?xml version="1.0" encoding="UTF-8"?>
<folder exportedWithPermissions="true">
    <parent>/</parent>
    <name>datatypes</name>
    <label>Input data Types</label>
    <creationDate>2019-08-01T09:57:31.966Z</creationDate>
    <updateDate>2013-10-21T19:26:09.246Z</updateDate>
    <resource>Datatype_Date</resource>
    <resource>date</resource>
    <resource>Datum</resource>
    <resource>DETAIL_PRINT</resource>
    <resource>EmployeeId</resource>
    <resource>Item</resource>
    <resource>ItemGroup</resource>
    <resource>Kostenstelle</resource>
    <resource>Label</resource>
    <resource>Labeldefinition</resource>
    <resource>LOGO_Print</resource>
    <resource>Param_CostAccount</resource>
    <resource>Param_DateFrom</resource>
    <resource>Param_DateTo</resource>
    <resource>Param_Kunde</resource>
    <resource>Param_Periode</resource>
    <resource>Param_ProjectId</resource>
    <resource>Query_CostAccount</resource>
    <resource>Query_Employee</resource>
    <resource>Query_Item</resource>
    <resource>Query_ItemGroup</resource>
    <resource>Query_Kunde</resource>
    <resource>Query_Label</resource>
    <resource>Query_Periode</resource>
    <resource>Query_Project</resource>
    <resource>REKAP_Print</resource>
</folder>
