<?xml version="1.0" encoding="UTF-8"?>
<dataType exportedWithPermissions="true">
    <folder>/datatypes</folder>
    <name>Datatype_Date</name>
    <version>0</version>
    <label>Datum</label>
    <description>Allgemeines Datum (ohne Uhrzeit)</description>
    <creationDate>2020-03-05T07:40:27.076+01:00</creationDate>
    <updateDate>2013-11-09T16:52:38.087+01:00</updateDate>
    <type>3</type>
    <regularExpr></regularExpr>
    <strictMin>false</strictMin>
    <strictMax>false</strictMax>
</dataType>
