<?xml version="1.0" encoding="UTF-8"?>
<inputControl exportedWithPermissions="true">
    <folder>/datatypes</folder>
    <name>Datum</name>
    <version>0</version>
    <label>Datum</label>
    <description></description>
    <creationDate>2019-08-01T09:57:34.005Z</creationDate>
    <updateDate>2013-05-10T13:55:41.432Z</updateDate>
    <type>2</type>
    <mandatory>false</mandatory>
    <readOnly>false</readOnly>
    <visible>true</visible>
    <dataType>
        <localResource
            xmlns:xsi="http://www.w3.org/2001/XMLSchema-instance"
            exportedWithPermissions="false" xsi:type="dataType">
            <folder>/datatypes/Datum_files</folder>
            <name>Datum</name>
            <version>0</version>
            <label>Datum</label>
            <description></description>
            <creationDate>2019-08-01T09:57:34.005Z</creationDate>
            <updateDate>2013-05-10T13:55:41.432Z</updateDate>
            <type>3</type>
            <regularExpr></regularExpr>
            <strictMin>false</strictMin>
            <strictMax>false</strictMax>
        </localResource>
    </dataType>
</inputControl>
