<?xml version="1.0" encoding="UTF-8"?>
<inputControl exportedWithPermissions="true">
    <folder>/datatypes</folder>
    <name>DETAIL_PRINT</name>
    <version>0</version>
    <label>Details Drucken</label>
    <description>Sollen Detail Daten gedruckt werden</description>
    <creationDate>2020-03-05T07:40:29.063+01:00</creationDate>
    <updateDate>2015-03-05T12:37:29.454+01:00</updateDate>
    <type>1</type>
    <mandatory>true</mandatory>
    <readOnly>false</readOnly>
    <visible>true</visible>
</inputControl>
