<?xml version="1.0" encoding="UTF-8"?>
<inputControl exportedWithPermissions="true">
    <folder>/datatypes</folder>
    <name>DETAIL_PRINT</name>
    <version>0</version>
    <label>Details Drucken</label>
    <description>Sollen Detail Daten gedruckt werden</description>
    <creationDate>2019-08-01T09:57:34.072Z</creationDate>
    <updateDate>2015-03-05T11:37:29.454Z</updateDate>
    <type>1</type>
    <mandatory>true</mandatory>
    <readOnly>false</readOnly>
    <visible>true</visible>
</inputControl>
