<?xml version="1.0" encoding="UTF-8"?>
<inputControl exportedWithPermissions="true">
    <folder>/datatypes</folder>
    <name>EmployeeId</name>
    <version>0</version>
    <label>Mitarbeiter (Lohnbuchaltung)</label>
    <description>Mitarbeiter Liste aus Lohnbuchhaltung</description>
    <creationDate>2019-08-01T09:57:34.190Z</creationDate>
    <updateDate>2015-06-08T15:13:52.755Z</updateDate>
    <type>4</type>
    <mandatory>false</mandatory>
    <readOnly>false</readOnly>
    <visible>true</visible>
    <query>
        <uri>/datatypes/Query_Employee</uri>
    </query>
    <queryVisibleColumn>empFirstName</queryVisibleColumn>
    <queryVisibleColumn>empLastName</queryVisibleColumn>
    <queryVisibleColumn>empPlace</queryVisibleColumn>
    <queryValueColumn>empId</queryValueColumn>
</inputControl>
