<?xml version="1.0" encoding="UTF-8"?>
<inputControl exportedWithPermissions="true">
    <folder>/datatypes</folder>
    <name>ItemGroup</name>
    <version>0</version>
    <label>Artikelgruppe</label>
    <description>Liste mit Artikelgruppen</description>
    <creationDate>2019-08-01T09:57:34.571Z</creationDate>
    <updateDate>2015-12-16T09:49:18.799Z</updateDate>
    <type>4</type>
    <mandatory>false</mandatory>
    <readOnly>false</readOnly>
    <visible>true</visible>
    <query>
        <uri>/datatypes/Query_ItemGroup</uri>
    </query>
    <queryVisibleColumn>itgNumber</queryVisibleColumn>
    <queryVisibleColumn>itgName</queryVisibleColumn>
    <queryValueColumn>itgNumber</queryValueColumn>
</inputControl>
