<?xml version="1.0" encoding="UTF-8"?>
<inputControl exportedWithPermissions="true">
    <folder>/datatypes</folder>
    <name>Item</name>
    <version>0</version>
    <label>Artikel</label>
    <description>Liste der Artikel</description>
    <creationDate>2020-03-05T07:40:32.050+01:00</creationDate>
    <updateDate>2015-12-16T10:50:32.280+01:00</updateDate>
    <type>4</type>
    <mandatory>false</mandatory>
    <readOnly>false</readOnly>
    <visible>true</visible>
    <query>
        <uri>/datatypes/Query_Item</uri>
    </query>
    <queryVisibleColumn>itmIdent</queryVisibleColumn>
    <queryVisibleColumn>itmName</queryVisibleColumn>
    <queryValueColumn>itmIdent</queryValueColumn>
</inputControl>
