<?xml version="1.0" encoding="UTF-8"?>
<inputControl exportedWithPermissions="true">
    <folder>/datatypes</folder>
    <name>Kostenstelle</name>
    <version>0</version>
    <label>Kostenstelle</label>
    <description></description>
    <creationDate>2019-08-01T09:57:34.676Z</creationDate>
    <updateDate>2013-07-20T09:37:55.833Z</updateDate>
    <type>4</type>
    <mandatory>false</mandatory>
    <readOnly>false</readOnly>
    <visible>true</visible>
    <query>
        <uri>/datatypes/Query_CostAccount</uri>
    </query>
    <queryVisibleColumn>csaCode</queryVisibleColumn>
    <queryValueColumn>csaId</queryValueColumn>
</inputControl>
