<?xml version="1.0" encoding="UTF-8"?>
<inputControl exportedWithPermissions="true">
    <folder>/datatypes</folder>
    <name>Kostenstelle</name>
    <version>0</version>
    <label>Kostenstelle</label>
    <description></description>
    <creationDate>2020-03-05T07:40:34.693+01:00</creationDate>
    <updateDate>2013-07-20T11:37:55.833+02:00</updateDate>
    <type>4</type>
    <mandatory>false</mandatory>
    <readOnly>false</readOnly>
    <visible>true</visible>
    <query>
        <uri>/datatypes/Query_CostAccount</uri>
    </query>
    <queryVisibleColumn>csaCode</queryVisibleColumn>
    <queryValueColumn>csaId</queryValueColumn>
</inputControl>
