<?xml version="1.0" encoding="UTF-8"?>
<inputControl exportedWithPermissions="true">
    <folder>/datatypes</folder>
    <name>Labeldefinition</name>
    <version>0</version>
    <label>Labeldefinition</label>
    <description></description>
    <creationDate>2019-08-01T09:57:34.857Z</creationDate>
    <updateDate>2019-06-26T18:20:56.640Z</updateDate>
    <type>4</type>
    <mandatory>false</mandatory>
    <readOnly>false</readOnly>
    <visible>true</visible>
    <query>
        <uri>/datatypes/Query_Label</uri>
    </query>
    <queryVisibleColumn>cldText</queryVisibleColumn>
    <queryValueColumn>cldId</queryValueColumn>
</inputControl>
