<?xml version="1.0" encoding="UTF-8"?>
<inputControl exportedWithPermissions="true">
    <folder>/datatypes</folder>
    <name>Label</name>
    <version>0</version>
    <label>Label</label>
    <description>Liste der vorhanden aktiven Labels zur Auswahl</description>
    <creationDate>2019-08-01T09:57:34.790Z</creationDate>
    <updateDate>2019-05-19T14:30:05.746Z</updateDate>
    <type>4</type>
    <mandatory>false</mandatory>
    <readOnly>false</readOnly>
    <visible>true</visible>
    <query>
        <uri>/datatypes/Query_Label</uri>
    </query>
    <queryVisibleColumn>cldText</queryVisibleColumn>
    <queryValueColumn>cldId</queryValueColumn>
</inputControl>
