<?xml version="1.0" encoding="UTF-8"?>
<inputControl exportedWithPermissions="true">
    <folder>/datatypes</folder>
    <name>LOGO_Print</name>
    <version>0</version>
    <label>Logo Drucken</label>
    <description>Soll das auf dem Report angedruckt werden</description>
    <creationDate>2020-03-05T07:40:36.695+01:00</creationDate>
    <updateDate>2013-11-08T16:09:57.975+01:00</updateDate>
    <type>1</type>
    <mandatory>false</mandatory>
    <readOnly>false</readOnly>
    <visible>true</visible>
</inputControl>
