<?xml version="1.0" encoding="UTF-8"?>
<inputControl exportedWithPermissions="true">
    <folder>/datatypes</folder>
    <name>LOGO_Print</name>
    <version>0</version>
    <label>Logo Drucken</label>
    <description>Soll das auf dem Report angedruckt werden</description>
    <creationDate>2019-08-01T09:57:34.927Z</creationDate>
    <updateDate>2013-11-08T15:09:57.975Z</updateDate>
    <type>1</type>
    <mandatory>false</mandatory>
    <readOnly>false</readOnly>
    <visible>true</visible>
</inputControl>
