<?xml version="1.0" encoding="UTF-8"?>
<inputControl exportedWithPermissions="true">
    <folder>/datatypes</folder>
    <name>Param_DateTo</name>
    <version>0</version>
    <label>Datum bis</label>
    <description>Bis Datum</description>
    <creationDate>2019-08-01T09:57:35.078Z</creationDate>
    <updateDate>2015-06-04T14:57:12.392Z</updateDate>
    <type>2</type>
    <mandatory>false</mandatory>
    <readOnly>false</readOnly>
    <visible>true</visible>
    <dataType>
        <uri>/datatypes/Datatype_Date</uri>
    </dataType>
</inputControl>
