<?xml version="1.0" encoding="UTF-8"?>
<inputControl exportedWithPermissions="true">
    <folder>/datatypes</folder>
    <name>Param_ProjectId</name>
    <version>0</version>
    <label>Projekt</label>
    <description>Wählen Sie ein Projekt aus</description>
    <creationDate>2019-08-01T09:57:35.383Z</creationDate>
    <updateDate>2013-11-08T15:35:00.763Z</updateDate>
    <type>4</type>
    <mandatory>false</mandatory>
    <readOnly>false</readOnly>
    <visible>true</visible>
    <query>
        <uri>/datatypes/Query_Project</uri>
    </query>
    <queryVisibleColumn>proName</queryVisibleColumn>
    <queryValueColumn>proId</queryValueColumn>
</inputControl>
