<?xml version="1.0" encoding="UTF-8"?>
<inputControl exportedWithPermissions="true">
    <folder>/datatypes</folder>
    <name>Param_CostAccount</name>
    <version>0</version>
    <label>Mitarbeiter (Kostenstelle)</label>
    <description>Auswahl einer aktiven Kostenstelle / Mitarbeiter</description>
    <creationDate>2020-03-05T07:40:37.189+01:00</creationDate>
    <updateDate>2015-06-08T17:05:10.248+02:00</updateDate>
    <type>4</type>
    <mandatory>false</mandatory>
    <readOnly>false</readOnly>
    <visible>true</visible>
    <query>
        <uri>/datatypes/Query_CostAccount</uri>
    </query>
    <queryVisibleColumn>csaName</queryVisibleColumn>
    <queryVisibleColumn>csaCode</queryVisibleColumn>
    <queryValueColumn>csaId</queryValueColumn>
</inputControl>
