<?xml version="1.0" encoding="UTF-8"?>
<inputControl exportedWithPermissions="true">
    <folder>/datatypes</folder>
    <name>Param_Periode</name>
    <version>0</version>
    <label>Periode</label>
    <description></description>
    <creationDate>2020-03-05T07:40:41.124+01:00</creationDate>
    <updateDate>2013-07-20T11:52:34.021+02:00</updateDate>
    <type>4</type>
    <mandatory>false</mandatory>
    <readOnly>false</readOnly>
    <visible>true</visible>
    <query>
        <uri>/datatypes/Query_Periode</uri>
    </query>
    <queryVisibleColumn>perName</queryVisibleColumn>
    <queryValueColumn>perId</queryValueColumn>
</inputControl>
