<?xml version="1.0" encoding="UTF-8"?>
<inputControl exportedWithPermissions="true">
    <folder>/datatypes</folder>
    <name>Param_Kunde</name>
    <version>0</version>
    <label>Kunde</label>
    <description></description>
    <creationDate>2020-03-05T07:40:39.904+01:00</creationDate>
    <updateDate>2013-07-20T11:53:30.724+02:00</updateDate>
    <type>4</type>
    <mandatory>false</mandatory>
    <readOnly>false</readOnly>
    <visible>true</visible>
    <query>
        <uri>/datatypes/Query_Kunde</uri>
    </query>
    <queryVisibleColumn>cusNumber</queryVisibleColumn>
    <queryVisibleColumn>cusCompany</queryVisibleColumn>
    <queryVisibleColumn>cusName</queryVisibleColumn>
    <queryValueColumn>cusId</queryValueColumn>
</inputControl>
