<?xml version="1.0" encoding="UTF-8"?>
<query exportedWithPermissions="true">
    <folder>/datatypes</folder>
    <name>Query_Project</name>
    <version>0</version>
    <label>Query_Project</label>
    <description>Abfrage nach Projekt</description>
    <creationDate>2019-08-01T09:57:35.362Z</creationDate>
    <updateDate>2014-08-27T15:17:19.034Z</updateDate>
    <language>sql</language>
    <queryString>select proId, proName, proStartDate from Project where ($P{Param_CostAccount} is null or procsaId=$P!{Param_CostAccount}) order by proStartDate desc</queryString>
    <dataSource>
        <uri>/datasources/MSSQL_2012_Express</uri>
    </dataSource>
</query>
