<?xml version="1.0" encoding="UTF-8"?>
<query exportedWithPermissions="true">
    <folder>/datatypes</folder>
    <name>Query_Employee</name>
    <version>0</version>
    <label>Query_Employee</label>
    <description>Mitarbeiter Liste aus Lohnbuchhaltung</description>
    <creationDate>2020-03-05T07:40:30.040+01:00</creationDate>
    <updateDate>2015-06-08T17:03:02.395+02:00</updateDate>
    <language>sql</language>
    <queryString>select * from Employee</queryString>
    <dataSource>
        <uri>/datasources/Azure_seicentoBk</uri>
    </dataSource>
</query>
