<?xml version="1.0" encoding="UTF-8"?>
<query exportedWithPermissions="true">
    <folder>/datatypes</folder>
    <name>Query_Label</name>
    <version>0</version>
    <label>Query_Label</label>
    <description>Liste der möglichen Labels</description>
    <creationDate>2019-08-01T09:57:34.767Z</creationDate>
    <updateDate>2019-05-19T14:29:31.683Z</updateDate>
    <language>sql</language>
    <queryString>select cldId, cldText from LabelDefinition where cldState=1
</queryString>
    <dataSource>
        <uri>/datasources/MSSQL_2012_Express</uri>
    </dataSource>
</query>
