<?xml version="1.0" encoding="UTF-8"?>
<query exportedWithPermissions="true">
    <folder>/datatypes</folder>
    <name>Query_CostAccount</name>
    <version>0</version>
    <label>Query_CostAccount</label>
    <description>Kostenstellen</description>
    <creationDate>2020-03-05T07:40:34.374+01:00</creationDate>
    <updateDate>2013-11-09T16:45:34.312+01:00</updateDate>
    <language>sql</language>
    <queryString>select * from CostAccount where csaState=1</queryString>
    <dataSource>
        <uri>/datasources/MSSQL_2012_Express</uri>
    </dataSource>
</query>
