<?xml version="1.0" encoding="UTF-8"?>
<query exportedWithPermissions="true">
    <folder>/datatypes</folder>
    <name>Query_Item</name>
    <version>0</version>
    <label>Query_Item</label>
    <description>Abfrage nach Artikel</description>
    <creationDate>2019-08-01T09:57:34.288Z</creationDate>
    <updateDate>2015-12-16T09:59:46.034Z</updateDate>
    <language>sql</language>
    <queryString>select itmIdent, itmName from Item where itmState = 1 order by itmIdent asc</queryString>
    <dataSource>
        <uri>/datasources/MSSQL_2012_Express</uri>
    </dataSource>
</query>
