<?xml version="1.0" encoding="UTF-8"?>
<query exportedWithPermissions="true">
    <folder>/datatypes</folder>
    <name>Query_ItemGroup</name>
    <version>0</version>
    <label>Query_ItemGroup</label>
    <description>Abfrage nach Artikelgruppe</description>
    <creationDate>2019-08-01T09:57:34.540Z</creationDate>
    <updateDate>2015-12-16T09:44:21.008Z</updateDate>
    <language>sql</language>
    <queryString>select itgNumber, itgName from ItemGroup where itgState = 1 order by itgNumber asc</queryString>
    <dataSource>
        <uri>/datasources/MSSQL_2012_Express</uri>
    </dataSource>
</query>
