<?xml version="1.0" encoding="UTF-8"?>
<query exportedWithPermissions="true">
    <folder>/datatypes</folder>
    <name>Query_Kunde</name>
    <version>0</version>
    <label>Query_Kunde</label>
    <description>Abfrage der Kunden</description>
    <creationDate>2019-08-01T09:57:35.156Z</creationDate>
    <updateDate>2013-07-20T09:53:04.784Z</updateDate>
    <language>sql</language>
    <queryString>select cusId, cusNumber, cusCompany, cusName from Customer where cusState=1</queryString>
    <dataSource>
        <uri>/datasources/MSSQL_2012_Express</uri>
    </dataSource>
</query>
