<?xml version="1.0" encoding="UTF-8"?>
<query exportedWithPermissions="true">
    <folder>/datatypes</folder>
    <name>Query_ItemGroup</name>
    <version>0</version>
    <label>Query_ItemGroup</label>
    <description>Abfrage nach Artikelgruppe</description>
    <creationDate>2020-03-05T07:40:32.926+01:00</creationDate>
    <updateDate>2015-12-16T10:44:21.008+01:00</updateDate>
    <language>sql</language>
    <queryString>select itgNumber, itgName from ItemGroup where itgState = 1 order by itgNumber asc</queryString>
    <dataSource>
        <uri>/datasources/MSSQL_2012_Express</uri>
    </dataSource>
</query>
