<?xml version="1.0" encoding="UTF-8"?>
<query exportedWithPermissions="true">
    <folder>/datatypes</folder>
    <name>Query_Periode</name>
    <version>0</version>
    <label>Query_Periode</label>
    <description></description>
    <creationDate>2019-08-01T09:57:35.260Z</creationDate>
    <updateDate>2013-07-20T09:53:58.335Z</updateDate>
    <language>sql</language>
    <queryString>select perId, perName, perYear, perMonth from [Periode] where perState=1 order by perYear desc, perMonth desc</queryString>
    <dataSource>
        <uri>/datasources/MSSQL_2012_Express</uri>
    </dataSource>
</query>
