<?xml version="1.0" encoding="UTF-8"?>
<query exportedWithPermissions="true">
    <folder>/datatypes</folder>
    <name>Query_Employee</name>
    <version>0</version>
    <label>Query_Employee</label>
    <description>Mitarbeiter Liste aus Lohnbuchhaltung</description>
    <creationDate>2019-08-01T09:57:34.156Z</creationDate>
    <updateDate>2015-06-08T15:03:02.395Z</updateDate>
    <language>sql</language>
    <queryString>select * from Employee</queryString>
    <dataSource>
        <uri>/datasources/Azure_seicentoBk</uri>
    </dataSource>
</query>
