<?xml version="1.0" encoding="UTF-8"?>
<query exportedWithPermissions="true">
    <folder>/datatypes</folder>
    <name>Query_CostAccount</name>
    <version>0</version>
    <label>Query_CostAccount</label>
    <description>Kostenstellen</description>
    <creationDate>2019-08-01T09:57:34.653Z</creationDate>
    <updateDate>2013-11-09T15:45:34.312Z</updateDate>
    <language>sql</language>
    <queryString>select * from CostAccount where csaState=1</queryString>
    <dataSource>
        <uri>/datasources/MSSQL_2012_Express</uri>
    </dataSource>
</query>
