<?xml version="1.0" encoding="UTF-8"?>
<inputControl exportedWithPermissions="true">
    <folder>/datatypes</folder>
    <name>REKAP_Print</name>
    <version>0</version>
    <label>Rekapitulation drucken</label>
    <description>Soll eine Rekapitulation angedruckt werden.</description>
    <creationDate>2019-08-01T09:57:35.440Z</creationDate>
    <updateDate>2013-11-18T20:42:39.420Z</updateDate>
    <type>1</type>
    <mandatory>false</mandatory>
    <readOnly>false</readOnly>
    <visible>true</visible>
</inputControl>
