<?xml version="1.0" encoding="UTF-8"?>
<inputControl exportedWithPermissions="true">
    <folder>/datatypes</folder>
    <name>REKAP_Print</name>
    <version>0</version>
    <label>Rekapitulation drucken</label>
    <description>Soll eine Rekapitulation angedruckt werden.</description>
    <creationDate>2020-03-05T07:40:42.903+01:00</creationDate>
    <updateDate>2013-11-18T21:42:39.420+01:00</updateDate>
    <type>1</type>
    <mandatory>false</mandatory>
    <readOnly>false</readOnly>
    <visible>true</visible>
</inputControl>
