<?xml version="1.0" encoding="UTF-8"?>
<fileResource exportedWithPermissions="true" dataFile="ui-bg_gloss-wave_55_5c9ccc_500x100.png.data">
    <folder>/themes/default/jquery-ui/images</folder>
    <name>ui-bg_gloss-wave_55_5c9ccc_500x100.png</name>
    <version>0</version>
    <label>ui-bg_gloss-wave_55_5c9ccc_500x100.png</label>
    <creationDate>2020-03-05T06:04:58.839+01:00</creationDate>
    <updateDate>2019-12-06T22:54:18.289+01:00</updateDate>
    <fileType>img</fileType>
</fileResource>
