<?xml version="1.0" encoding="UTF-8"?>
<folder exportedWithPermissions="true">
    <parent>/</parent>
    <name>datasources</name>
    <label>Data Sources</label>
    <description>Data Sources used by reports</description>
    <creationDate>2016-12-12T14:54:54.729Z</creationDate>
    <updateDate>2016-06-30T02:01:10.830Z</updateDate>
    <resource>Azure_seicentoBk</resource>
    <resource>JServerJdbcDS</resource>
    <resource>JServerJNDIDS</resource>
    <resource>Lokale_MSSQL_DB_Template</resource>
    <resource>MSSQL_2012_Express</resource>
    <resource>repositoryDS</resource>
    <resource>SugarFoodmartVDS</resource>
    <permission>
        <permissionMask>32</permissionMask>
        <recipient recipientType="role">ROLE_USER</recipient>
    </permission>
</folder>
