<?xml version="1.0" encoding="UTF-8"?>
<folder exportedWithPermissions="true">
    <parent>/</parent>
    <name>datasources</name>
    <label>Data Sources</label>
    <description>Data Sources used by reports</description>
    <creationDate>2020-03-05T07:40:08.717+01:00</creationDate>
    <updateDate>2016-06-30T04:01:10.830+02:00</updateDate>
    <resource>Azure_seicentoBk</resource>
    <resource>JServerJdbcDS</resource>
    <resource>Lokale_MSSQL_DB_Template</resource>
    <resource>MSSQL_2012_Express</resource>
    <resource>repositoryDS</resource>
    <permission>
        <permissionMask>32</permissionMask>
        <recipient recipientType="role">ROLE_USER</recipient>
    </permission>
</folder>
