<?xml version="1.0" encoding="UTF-8"?>
<jdbcDataSource exportedWithPermissions="true">
    <folder>/datasources</folder>
    <name>Azure_seicentoBk</name>
    <version>2</version>
    <label>Azure_seicentoBk</label>
    <description>Lokale DB für SeicentoSalary</description>
    <creationDate>2019-08-01T09:57:33.085Z</creationDate>
    <updateDate>2019-08-01T10:13:25.024Z</updateDate>
    <driver>com.microsoft.sqlserver.jdbc.SQLServerDriver</driver>
    <connectionUrl>jdbc:sqlserver://host.docker.internal:1433;databaseName=devsalary</connectionUrl>
    <connectionUser>usrseicento</connectionUser>
    <connectionPassword>ENC&lt;18CE52DF5A745014AD8FC528BBF3A65D&gt;</connectionPassword>
    <timezone></timezone>
</jdbcDataSource>
