<?xml version="1.0" encoding="UTF-8"?>
<jdbcDataSource exportedWithPermissions="true">
    <folder>/datasources</folder>
    <name>Azure_seicentoBk</name>
    <version>2</version>
    <label>SeicentoSalary (aktiv)</label>
    <description>Buchhaltungsdaten aus Seicento</description>
    <creationDate>2020-03-05T07:40:20.221+01:00</creationDate>
    <updateDate>2020-03-05T14:58:29.041+01:00</updateDate>
    <driver>com.microsoft.sqlserver.jdbc.SQLServerDriver</driver>
    <connectionUrl>jdbc:sqlserver://host.docker.internal:1433;databaseName=devsalary</connectionUrl>
    <connectionUser>usrseicento</connectionUser>
    <connectionPassword>ENC&lt;4A52534956000000104E47B78EE284BF5679BD3F9980B44FC14BB0FA748FDF0617C0AA6C43DE7730E3&gt;</connectionPassword>
    <timezone></timezone>
</jdbcDataSource>
