<?xml version="1.0" encoding="UTF-8"?>
<jdbcDataSource exportedWithPermissions="true">
    <folder>/datasources</folder>
    <name>JServerJdbcDS</name>
    <version>0</version>
    <label>JServer Jdbc Data Source</label>
    <description>JServer Jdbc Data Source</description>
    <creationDate>2020-03-05T07:40:21.365+01:00</creationDate>
    <updateDate>2013-05-08T22:22:41.765+02:00</updateDate>
    <driver>org.postgresql.Driver</driver>
    <connectionUrl>jdbc:postgresql://127.0.0.1:5432/sugarcrm</connectionUrl>
    <connectionUser>jasperdb</connectionUser>
    <connectionPassword>ENC&lt;4A525349560000001064725788211CCCA0040BC0595A235861457F21CE6C29759C044126FA1CF8F928&gt;</connectionPassword>
</jdbcDataSource>
