<?xml version="1.0" encoding="UTF-8"?>
<jdbcDataSource exportedWithPermissions="true">
    <folder>/datasources</folder>
    <name>Lokale_MSSQL_DB_Template</name>
    <version>1</version>
    <label>Lokale MSSQL DB Template</label>
    <description>Template für lokale MSSQL DB</description>
    <creationDate>2020-03-05T07:40:22.530+01:00</creationDate>
    <updateDate>2020-03-05T14:49:41.870+01:00</updateDate>
    <driver>com.microsoft.sqlserver.jdbc.SQLServerDriver</driver>
    <connectionUrl>jdbc:sqlserver://host.docker.internal:1433;databaseName=seicento</connectionUrl>
    <connectionUser>usrseicento</connectionUser>
    <connectionPassword>ENC&lt;4A525349560000001084BE41E5E0FA6A872FA8B9C3E804A5579ADFB3B2A3AFB1CD0534AF6DDC947142&gt;</connectionPassword>
    <timezone></timezone>
</jdbcDataSource>
