<?xml version="1.0" encoding="UTF-8"?>
<jdbcDataSource exportedWithPermissions="true">
    <folder>/datasources</folder>
    <name>Lokale_MSSQL_DB_Template</name>
    <version>2</version>
    <label>Lokale MSSQL DB Template</label>
    <description>Template für lokale MSSQL DB</description>
    <creationDate>2019-08-01T09:57:33.359Z</creationDate>
    <updateDate>2019-08-01T10:09:13.982Z</updateDate>
    <driver>com.microsoft.sqlserver.jdbc.SQLServerDriver</driver>
    <connectionUrl>jdbc:sqlserver://host.docker.internal:1433;databaseName=seicento</connectionUrl>
    <connectionUser>usrseicento</connectionUser>
    <connectionPassword>ENC&lt;18CE52DF5A745014AD8FC528BBF3A65D&gt;</connectionPassword>
    <timezone></timezone>
</jdbcDataSource>
