<?xml version="1.0" encoding="UTF-8"?>
<jdbcDataSource exportedWithPermissions="true">
    <folder>/datasources</folder>
    <name>MSSQL_2012_Express</name>
    <version>2</version>
    <label>MSSQL 2012 Express (Aktiv)</label>
    <description>Aktive DB Instanz, welche von den JasperReports verwendet wird</description>
    <creationDate>2019-08-01T09:57:33.406Z</creationDate>
    <updateDate>2019-08-01T10:10:55.998Z</updateDate>
    <driver>com.microsoft.sqlserver.jdbc.SQLServerDriver</driver>
    <connectionUrl>jdbc:sqlserver://host.docker.internal:1433;databaseName=seicento</connectionUrl>
    <connectionUser>usrseicento</connectionUser>
    <connectionPassword>ENC&lt;18CE52DF5A745014AD8FC528BBF3A65D&gt;</connectionPassword>
    <timezone></timezone>
</jdbcDataSource>
