<?xml version="1.0" encoding="UTF-8"?>
<jdbcDataSource exportedWithPermissions="true">
    <folder>/datasources</folder>
    <name>MSSQL_2012_Express</name>
    <version>2</version>
    <label>SeicentoBilling (aktiv)</label>
    <description>Aktive DB Instanz, welche von den JasperReports verwendet wird</description>
    <creationDate>2020-03-05T07:40:23.009+01:00</creationDate>
    <updateDate>2020-03-05T14:52:56.195+01:00</updateDate>
    <driver>com.microsoft.sqlserver.jdbc.SQLServerDriver</driver>
    <connectionUrl>jdbc:sqlserver://host.docker.internal:1433;databaseName=seicento</connectionUrl>
    <connectionUser>usrseicento</connectionUser>
    <connectionPassword>ENC&lt;4A52534956000000102A738C01E8DA7B27F50B56052F5C842E6D039B29C220DB94473B77DB1005DE93&gt;</connectionPassword>
    <timezone></timezone>
</jdbcDataSource>
