<?xml version="1.0" encoding="UTF-8"?>
<jndiJdbcDataSource exportedWithPermissions="true">
    <folder>/datasources</folder>
    <name>repositoryDS</name>
    <version>0</version>
    <label>Jasperserver Repository SQL data source</label>
    <description>Jasperserver Repository SQL data source for reporting</description>
    <creationDate>2020-03-05T07:40:23.533+01:00</creationDate>
    <updateDate>2013-05-08T22:22:41.749+02:00</updateDate>
    <permission>
        <permissionMask>0</permissionMask>
        <recipient recipientType="role">ROLE_USER</recipient>
    </permission>
    <jndiName>jdbc/jasperserver</jndiName>
</jndiJdbcDataSource>
