<?xml version="1.0" encoding="UTF-8"?>
<virtualDataSource exportedWithPermissions="true">
    <folder>/datasources</folder>
    <name>SugarFoodmartVDS</name>
    <version>1</version>
    <label>SugarCRM-Foodmart Virtual Data Source</label>
    <description>Virtual Data Source Combining SugarCRM and Foodmart</description>
    <creationDate>2019-08-01T09:57:33.766Z</creationDate>
    <updateDate>2013-05-08T20:22:44.291Z</updateDate>
    <dataSource>
        <alias>FoodmartDataSource</alias>
        <dataSourceReference>
            <uri>/analysis/datasources/FoodmartDataSourceJNDI</uri>
        </dataSourceReference>
    </dataSource>
    <dataSource>
        <alias>SugarCRMDataSource</alias>
        <dataSourceReference>
            <uri>/analysis/datasources/SugarCRMDataSourceJNDI</uri>
        </dataSourceReference>
    </dataSource>
</virtualDataSource>
