<?xml version="1.0" encoding="UTF-8"?>
<fileResource exportedWithPermissions="true" dataFile="disclosure_indicators_icons_sprite@2x.png.data">
    <folder>/themes/jasper_dark/images</folder>
    <name>disclosure_indicators_icons_sprite@2x.png</name>
    <version>0</version>
    <label>disclosure_indicators_icons_sprite@2x.png</label>
    <creationDate>2020-03-05T06:04:25.196+01:00</creationDate>
    <updateDate>2019-12-06T22:54:21.737+01:00</updateDate>
    <fileType>img</fileType>
</fileResource>
