<?xml version="1.0" encoding="UTF-8"?>
<user>
    <username>jasperadmin</username>
    <fullName>jasperadmin User</fullName>
    <password>ENC&lt;4A52534956000000107CDCCF501202F4D4EE4D9B4AAE3145AD757581D68639B7D616613F4F8B136DF9&gt;</password>
    <email></email>
    <externallyDefined>false</externallyDefined>
    <enabled>true</enabled>
    <role>ROLE_ADMINISTRATOR</role>
    <role>ROLE_USER</role>
    <previousPasswordChangeTime>2020-03-05T10:23:14.739+01:00</previousPasswordChangeTime>
</user>
