<?xml version="1.0" encoding="UTF-8"?>
<folder exportedWithPermissions="true">
    <parent>/</parent>
    <name>images</name>
    <label>Images</label>
    <description>Folder containing reusable images</description>
    <creationDate>2016-12-12T14:54:55.943Z</creationDate>
    <updateDate>2016-06-30T02:01:10.875Z</updateDate>
    <resource>BookitScriptlet.jar</resource>
    <resource>Calibri.jar</resource>
    <resource>calibri.ttf</resource>
    <resource>fusszeile_xwr2017.png</resource>
    <resource>JRLogo</resource>
    <resource>logo_xwr2017_index.png</resource>
    <resource>logo_xwr2017.png</resource>
    <resource>Lohnausweis11.png</resource>
    <resource>OCRB_Medium.ttf</resource>
    <resource>OCRB.jar</resource>
    <resource>SeicentoScriptlet.jar</resource>
    <resource>times.jar</resource>
    <resource>TradeGothic.jar</resource>
    <resource>TradeGothic.ttf</resource>
    <resource>xwr_logo</resource>
    <permission>
        <permissionMask>32</permissionMask>
        <recipient recipientType="role">ROLE_USER</recipient>
    </permission>
</folder>
