<?xml version="1.0" encoding="UTF-8"?>
<folder exportedWithPermissions="true">
    <name>/</name>
    <label>root</label>
    <description>Root of the folder hierarchy</description>
    <creationDate>2020-03-05T06:03:03.629+01:00</creationDate>
    <updateDate>2019-12-06T22:47:58.124+01:00</updateDate>
    <folder>ContentFiles</folder>
    <folder>datasources</folder>
    <folder>datatypes</folder>
    <folder>images</folder>
    <folder>reports</folder>
    <folder>themes</folder>
    <permission>
        <permissionMask>2</permissionMask>
        <recipient recipientType="role">ROLE_USER</recipient>
    </permission>
    <permission>
        <permissionMask>1</permissionMask>
        <recipient recipientType="role">ROLE_ADMINISTRATOR</recipient>
    </permission>
</folder>
