<?xml version="1.0" encoding="UTF-8"?>
<folder exportedWithPermissions="true">
    <parent>/analysis</parent>
    <name>connections</name>
    <label>Analysis Connections</label>
    <description>Connections used by Analysis</description>
    <creationDate>2016-12-12T14:54:58.994Z</creationDate>
    <updateDate>2016-06-30T02:01:10.901Z</updateDate>
    <resource>Foodmart</resource>
    <resource>FoodmartXmlaConnection</resource>
    <resource>SugarCRM</resource>
    <resource>SugarCRMXmlaConnection</resource>
</folder>
