<?xml version="1.0" encoding="UTF-8"?>
<fileResource exportedWithPermissions="true" dataFile="disclosure_indicators_icons_sprite@1x.png.data">
    <folder>/themes/pods_summer/images</folder>
    <name>disclosure_indicators_icons_sprite@1x.png</name>
    <version>0</version>
    <label>disclosure_indicators_icons_sprite@1x.png</label>
    <creationDate>2020-03-05T06:04:35.456+01:00</creationDate>
    <updateDate>2019-12-06T22:54:26.103+01:00</updateDate>
    <fileType>img</fileType>
</fileResource>
